<?xml version="1.0" encoding="UTF-8" standalone="no"?>
<Proyecto>
    <Jerarquia id="_50" tipo="TOTAL_EXCLUSIVA">
        <Generica>
            <RefEntidad idref="_1"/>
        </Generica>
        <Derivadas>
            <RefEntidad idref="_5"/>
            <RefEntidad idref="_19"/>
        </Derivadas>
    </Jerarquia>
    <Relacion id="_27" tipo="ASOCIACION">
        <Nombre>FO</Nombre>
        <Participantes>
            <Participante>
                <RefEntidad idref="_10"/>
                <Cardinalidad max="n" min="0"/>
                <Rol/>
            </Participante>
            <Participante>
                <RefEntidad idref="_19"/>
                <Cardinalidad max="1" min="1"/>
                <Rol/>
            </Participante>
        </Participantes>
    </Relacion>
    <Relacion id="_24" tipo="ASOCIACION">
        <Nombre>SL</Nombre>
        <Participantes>
            <Participante>
                <RefEntidad idref="_1"/>
                <Cardinalidad max="1" min="1"/>
                <Rol>Bosss</Rol>
            </Participante>
            <Participante>
                <RefEntidad idref="_5"/>
                <Cardinalidad max="n" min="1"/>
                <Rol/>
            </Participante>
        </Participantes>
    </Relacion>
    <Relacion id="_30" tipo="ASOCIACION">
        <Nombre>VtaLoc</Nombre>
        <Participantes>
            <Participante>
                <RefEntidad idref="_10"/>
                <Cardinalidad max="n" min="0"/>
                <Rol/>
            </Participante>
            <Participante>
                <RefEntidad idref="_1"/>
                <Cardinalidad max="n" min="0"/>
                <Rol/>
            </Participante>
        </Participantes>
        <Atributos>
            <Atributo id="_32" tipo="CARACTERIZACION">
                <Nombre>tarj</Nombre>
                <Cardinalidad max="1" min="0"/>
                <Atributos>
                    <Atributo id="_38" tipo="CARACTERIZACION">
                        <Nombre>cr</Nombre>
                        <Cardinalidad max="1" min="0"/>
                        <Atributos>
                            <Atributo id="_39" tipo="CARACTERIZACION">
                                <Nombre>cuotas</Nombre>
                                <Cardinalidad max="1" min="1"/>
                            </Atributo>
                            <Atributo id="_40" tipo="CARACTERIZACION">
                                <Nombre>int</Nombre>
                                <Cardinalidad max="1" min="0"/>
                            </Atributo>
                        </Atributos>
                    </Atributo>
                    <Atributo id="_34" tipo="CARACTERIZACION">
                        <Nombre>nomTarj</Nombre>
                        <Cardinalidad max="1" min="1"/>
                    </Atributo>
                    <Atributo id="_37" tipo="CARACTERIZACION">
                        <Nombre>nroAutoriz</Nombre>
                        <Cardinalidad max="1" min="1"/>
                    </Atributo>
                    <Atributo id="_36" tipo="CARACTERIZACION">
                        <Nombre>nroTarj</Nombre>
                        <Cardinalidad max="1" min="1"/>
                    </Atributo>
                    <Atributo id="_35" tipo="CARACTERIZACION">
                        <Nombre>bco</Nombre>
                        <Cardinalidad max="1" min="1"/>
                    </Atributo>
                </Atributos>
            </Atributo>
        </Atributos>
    </Relacion>
    <Entidad id="_10" tipo="MAESTRA_COSA">
        <Nombre>Obra</Nombre>
        <Atributos>
            <Atributo id="_12" tipo="CARACTERIZACION">
                <Nombre>titulo</Nombre>
                <Cardinalidad max="1" min="1"/>
            </Atributo>
            <Atributo id="_15" tipo="CARACTERIZACION">
                <Nombre>genero</Nombre>
                <Cardinalidad max="1" min="1"/>
            </Atributo>
            <Atributo id="_16" tipo="CARACTERIZACION">
                <Nombre>nroProxFunc</Nombre>
                <Cardinalidad max="1" min="1"/>
            </Atributo>
            <Atributo id="_13" tipo="CARACTERIZACION">
                <Nombre>autor</Nombre>
                <Cardinalidad max="n" min="1"/>
            </Atributo>
            <Atributo id="_11" tipo="CARACTERIZACION">
                <Nombre>idObra</Nombre>
                <Cardinalidad max="1" min="1"/>
            </Atributo>
            <Atributo id="_14" tipo="CARACTERIZACION">
                <Nombre>director</Nombre>
                <Cardinalidad max="n" min="1"/>
            </Atributo>
        </Atributos>
        <Identificadores>
            <Identificador>
                <RefAtributo idref="_12"/>
            </Identificador>
            <Identificador>
                <RefAtributo idref="_11"/>
            </Identificador>
        </Identificadores>
    </Entidad>
    <Entidad id="_5" tipo="MAESTRA_COSA">
        <Nombre>SeccionSala</Nombre>
        <Atributos>
            <Atributo id="_7" tipo="CARACTERIZACION">
                <Nombre>nomSecc</Nombre>
                <Cardinalidad max="1" min="1"/>
            </Atributo>
            <Atributo id="_6" tipo="CARACTERIZACION">
                <Nombre>nroSecc</Nombre>
                <Cardinalidad max="1" min="1"/>
            </Atributo>
        </Atributos>
        <Identificadores>
            <Identificador>
                <RefAtributo idref="_6"/>
            </Identificador>
            <Identificador>
                <RefAtributo idref="_7"/>
            </Identificador>
        </Identificadores>
    </Entidad>
    <Entidad id="_1" tipo="MAESTRA_COSA">
        <Nombre>Localidad</Nombre>
        <Atributos>
            <Atributo id="_2" tipo="CARACTERIZACION">
                <Nombre>fila</Nombre>
                <Cardinalidad max="1" min="1"/>
            </Atributo>
            <Atributo id="_3" tipo="CARACTERIZACION">
                <Nombre>butaca</Nombre>
                <Cardinalidad max="1" min="1"/>
            </Atributo>
        </Atributos>
        <Identificadores>
            <Identificador>
                <RefAtributo idref="_2"/>
                <RefAtributo idref="_3"/>
                <RefEntidad idref="_5"/>
            </Identificador>
        </Identificadores>
    </Entidad>
    <Entidad id="_19" tipo="MAESTRA_COSA">
        <Nombre>Funcion</Nombre>
        <Atributos>
            <Atributo id="_21" tipo="CARACTERIZACION">
                <Nombre>fecha</Nombre>
                <Cardinalidad max="1" min="1"/>
            </Atributo>
            <Atributo id="_22" tipo="CARACTERIZACION">
                <Nombre>hora</Nombre>
                <Cardinalidad max="1" min="1"/>
            </Atributo>
            <Atributo id="_20" tipo="CARACTERIZACION">
                <Nombre>nroFunc</Nombre>
                <Cardinalidad max="1" min="1"/>
            </Atributo>
        </Atributos>
        <Identificadores>
            <Identificador>
                <RefAtributo idref="_21"/>
                <RefAtributo idref="_22"/>
                <RefEntidad idref="_10"/>
            </Identificador>
            <Identificador>
                <RefAtributo idref="_20"/>
                <RefEntidad idref="_10"/>
            </Identificador>
        </Identificadores>
    </Entidad>
    <Diagrama id="_41">
        <Nombre>BoleteriaTeatro</Nombre>
        <Componentes>
            <Componente idref="_24"/>
            <Componente idref="_27"/>
            <Componente idref="_5"/>
            <Componente idref="_30"/>
            <Componente idref="_50"/>
            <Componente idref="_1"/>
            <Componente idref="_10"/>
            <Componente idref="_19"/>
        </Componentes>
        <Validacion estado="SIN_VALIDAR">
            <Observaciones>Falta validar</Observaciones>
        </Validacion>
    </Diagrama>
    <Validacion estado="SIN_VALIDAR">
        <Observaciones/>
    </Validacion>
</Proyecto>
