<?xml version="1.0" encoding="UTF-8" standalone="no"?>
<Proyecto>
    <Diagrama id="_41">
        <Representacion id="_24">
            <Dimension alto="50" ancho="80"/>
            <Posicion x="161" y="272"/>
        </Representacion>
        <Representacion id="_27">
            <Dimension alto="50" ancho="80"/>
            <Posicion x="667" y="464"/>
        </Representacion>
        <Representacion id="_5">
            <Dimension alto="50" ancho="80"/>
            <Posicion x="160" y="466"/>
        </Representacion>
        <Representacion id="_7">
            <Label x="204" y="561"/>
            <Dimension alto="10" ancho="10"/>
            <Posicion x="208" y="547"/>
        </Representacion>
        <Representacion id="_6">
            <Label x="129" y="559"/>
            <Dimension alto="10" ancho="10"/>
            <Posicion x="158" y="546"/>
        </Representacion>
        <Representacion id="_30">
            <Dimension alto="50" ancho="80"/>
            <Posicion x="468" y="272"/>
        </Representacion>
        <Representacion id="_32">
            <Label x="482" y="161"/>
            <Dimension alto="21" ancho="72"/>
            <Posicion x="472" y="159"/>
        </Representacion>
        <Representacion id="_38">
            <Label x="413" y="119"/>
            <Dimension alto="21" ancho="65"/>
            <Posicion x="403" y="117"/>
        </Representacion>
        <Representacion id="_39">
            <Label x="413" y="64"/>
            <Dimension alto="10" ancho="10"/>
            <Posicion x="422" y="81"/>
        </Representacion>
        <Representacion id="_40">
            <Label x="354" y="84"/>
            <Dimension alto="10" ancho="10"/>
            <Posicion x="373" y="105"/>
        </Representacion>
        <Representacion id="_37">
            <Label x="475" y="100"/>
            <Dimension alto="10" ancho="10"/>
            <Posicion x="492" y="118"/>
        </Representacion>
        <Representacion id="_34">
            <Label x="550" y="135"/>
            <Dimension alto="10" ancho="10"/>
            <Posicion x="537" y="139"/>
        </Representacion>
        <Representacion id="_36">
            <Label x="530" y="116"/>
            <Dimension alto="10" ancho="10"/>
            <Posicion x="516" y="122"/>
        </Representacion>
        <Representacion id="_35">
            <Label x="577" y="155"/>
            <Dimension alto="10" ancho="10"/>
            <Posicion x="563" y="158"/>
        </Representacion>
        <Representacion id="_50">
            <Dimension alto="0" ancho="0"/>
            <Posicion x="352" y="400"/>
        </Representacion>
        <Representacion id="_1">
            <Dimension alto="50" ancho="80"/>
            <Posicion x="312" y="271"/>
        </Representacion>
        <Representacion id="_2">
            <Label x="287" y="164"/>
            <Dimension alto="10" ancho="10"/>
            <Posicion x="290" y="182"/>
        </Representacion>
        <Representacion id="_3">
            <Label x="363" y="164"/>
            <Dimension alto="10" ancho="10"/>
            <Posicion x="377" y="184"/>
        </Representacion>
        <Representacion id="_10">
            <Dimension alto="50" ancho="80"/>
            <Posicion x="666" y="271"/>
        </Representacion>
        <Representacion id="_15">
            <Label x="801" y="225"/>
            <Dimension alto="10" ancho="10"/>
            <Posicion x="796" y="243"/>
        </Representacion>
        <Representacion id="_12">
            <Label x="684" y="163"/>
            <Dimension alto="10" ancho="10"/>
            <Posicion x="694" y="182"/>
        </Representacion>
        <Representacion id="_16">
            <Label x="774" y="192"/>
            <Dimension alto="10" ancho="10"/>
            <Posicion x="773" y="210"/>
        </Representacion>
        <Representacion id="_13">
            <Label x="729" y="169"/>
            <Dimension alto="10" ancho="10"/>
            <Posicion x="736" y="190"/>
        </Representacion>
        <Representacion id="_11">
            <Label x="631" y="179"/>
            <Dimension alto="10" ancho="10"/>
            <Posicion x="651" y="199"/>
        </Representacion>
        <Representacion id="_14">
            <Label x="583" y="226"/>
            <Dimension alto="10" ancho="10"/>
            <Posicion x="608" y="245"/>
        </Representacion>
        <Representacion id="_19">
            <Dimension alto="50" ancho="80"/>
            <Posicion x="466" y="463"/>
        </Representacion>
        <Representacion id="_21">
            <Label x="553" y="560"/>
            <Dimension alto="10" ancho="10"/>
            <Posicion x="549" y="548"/>
        </Representacion>
        <Representacion id="_22">
            <Label x="496" y="565"/>
            <Dimension alto="10" ancho="10"/>
            <Posicion x="503" y="554"/>
        </Representacion>
        <Representacion id="_20">
            <Label x="420" y="564"/>
            <Dimension alto="10" ancho="10"/>
            <Posicion x="451" y="553"/>
        </Representacion>
    </Diagrama>
</Proyecto>
