<?xml version="1.0" encoding="UTF-8" standalone="no"?>
<Proyecto>
    <Diagrama id="55e28a55-47aa-42fd-a6d6-a21b268d2638">
        <Representacion id="002746a7-bc37-4d26-8df9-c284c7ee4f79">
            <Dimension alto="50" ancho="80"/>
            <Posicion x="612" y="311"/>
        </Representacion>
        <Representacion id="74e81b3e-37d9-4aee-ab64-00183ea88a52">
            <Dimension alto="50" ancho="80"/>
            <Posicion x="496" y="580"/>
        </Representacion>
        <Representacion id="7ae065ed-69c5-4150-a577-a4fb249fd8bd">
            <Dimension alto="50" ancho="80"/>
            <Posicion x="218" y="330"/>
        </Representacion>
        <Representacion id="22842661-7b96-49e0-9cfe-aaf47706428d">
            <Dimension alto="50" ancho="80"/>
            <Posicion x="708" y="635"/>
        </Representacion>
        <Representacion id="ac714f26-6474-4a06-90ac-683741e84630">
            <Label x="777" y="580"/>
            <Dimension alto="10" ancho="10"/>
            <Posicion x="783" y="600"/>
        </Representacion>
        <Representacion id="905f12cb-19de-4067-9f09-1c7bfc4feacf">
            <Label x="707" y="587"/>
            <Dimension alto="10" ancho="10"/>
            <Posicion x="713" y="605"/>
        </Representacion>
        <Representacion id="c7793063-3f45-4628-a5a7-4fc06a654914">
            <Dimension alto="0" ancho="0"/>
            <Posicion x="631" y="242"/>
        </Representacion>
        <Representacion id="604695a3-f705-4f0b-9568-f978f18665eb">
            <Dimension alto="50" ancho="80"/>
            <Posicion x="485" y="636"/>
        </Representacion>
        <Representacion id="dbc6c45c-2121-4fb2-9c62-29bb2767fc4b">
            <Dimension alto="50" ancho="80"/>
            <Posicion x="289" y="424"/>
        </Representacion>
        <Representacion id="6ea5886a-ce9e-4a0b-b94c-cc3368f93f69">
            <Label x="162" y="459"/>
            <Dimension alto="10" ancho="10"/>
            <Posicion x="232" y="463"/>
        </Representacion>
        <Representacion id="0a3b2989-17be-41e7-8154-385313bedac7">
            <Label x="307" y="361"/>
            <Dimension alto="10" ancho="10"/>
            <Posicion x="322" y="384"/>
        </Representacion>
        <Representacion id="80de010a-6b32-45bb-bac1-8be5c4410216">
            <Label x="343" y="360"/>
            <Dimension alto="21" ancho="94"/>
            <Posicion x="333" y="358"/>
        </Representacion>
        <Representacion id="57c311fa-9ce3-46e0-9566-1dadc5b7b361">
            <Label x="339" y="309"/>
            <Dimension alto="10" ancho="10"/>
            <Posicion x="345" y="327"/>
        </Representacion>
        <Representacion id="331f1d1b-8f7c-4d03-8353-c8b354e3eea4">
            <Label x="397" y="314"/>
            <Dimension alto="10" ancho="10"/>
            <Posicion x="399" y="333"/>
        </Representacion>
        <Representacion id="91ce9aec-c170-46b4-9bd1-1315c7520ef0">
            <Label x="195" y="433"/>
            <Dimension alto="10" ancho="10"/>
            <Posicion x="231" y="436"/>
        </Representacion>
        <Representacion id="51afa888-f738-471b-9887-8f6ddc8ec64e">
            <Dimension alto="50" ancho="80"/>
            <Posicion x="288" y="531"/>
        </Representacion>
        <Representacion id="2d32613f-82a7-4f19-b706-c60f6b014d6e">
            <Dimension alto="50" ancho="80"/>
            <Posicion x="698" y="424"/>
        </Representacion>
        <Representacion id="52861ed9-124e-44c9-813b-18b2a4f17df0">
            <Label x="669" y="494"/>
            <Dimension alto="10" ancho="10"/>
            <Posicion x="703" y="482"/>
        </Representacion>
        <Representacion id="c05997d5-c1a8-4ee3-a9f3-e27331ff8d08">
            <Label x="598" y="500"/>
            <Dimension alto="10" ancho="10"/>
            <Posicion x="642" y="490"/>
        </Representacion>
        <Representacion id="28df6f52-e3f2-49bb-be9b-80d833b51476">
            <Label x="736" y="370"/>
            <Dimension alto="10" ancho="10"/>
            <Posicion x="759" y="389"/>
        </Representacion>
        <Representacion id="15815bfb-c549-4345-bdc9-9dedf830d648">
            <Label x="629" y="381"/>
            <Dimension alto="10" ancho="10"/>
            <Posicion x="647" y="400"/>
        </Representacion>
        <Representacion id="8f2dd639-e769-4b84-8fd5-a5b0728b962f">
            <Label x="802" y="395"/>
            <Dimension alto="10" ancho="10"/>
            <Posicion x="807" y="415"/>
        </Representacion>
        <Representacion id="1a1d49e5-9641-4ea4-95f3-787930071cd6">
            <Label x="756" y="495"/>
            <Dimension alto="10" ancho="10"/>
            <Posicion x="785" y="482"/>
        </Representacion>
        <Representacion id="efb6e0fc-5476-4f0f-b67a-1d8c3e38a1fe">
            <Label x="686" y="516"/>
            <Dimension alto="10" ancho="10"/>
            <Posicion x="731" y="504"/>
        </Representacion>
        <Representacion id="6e69d100-c242-41ed-ab8e-016aefea82c0">
            <Dimension alto="50" ancho="80"/>
            <Posicion x="219" y="226"/>
        </Representacion>
        <Representacion id="c666415c-bdfe-45af-a5ab-ee8de46214ec">
            <Label x="311" y="172"/>
            <Dimension alto="10" ancho="10"/>
            <Posicion x="320" y="190"/>
        </Representacion>
        <Representacion id="d29dfede-ad9b-4bd4-8db4-708099224dfd">
            <Label x="141" y="190"/>
            <Dimension alto="10" ancho="10"/>
            <Posicion x="167" y="208"/>
        </Representacion>
        <Representacion id="81f511d5-f220-4b9c-9f20-ef8c09aae679">
            <Label x="251" y="160"/>
            <Dimension alto="10" ancho="10"/>
            <Posicion x="263" y="179"/>
        </Representacion>
        <Representacion id="8473d3a2-e1ce-45d6-a6e3-71d28873872b">
            <Label x="191" y="168"/>
            <Dimension alto="10" ancho="10"/>
            <Posicion x="203" y="185"/>
        </Representacion>
        <Representacion id="df98730b-69ef-4f62-bc9a-cad9e5d565dc">
            <Dimension alto="50" ancho="80"/>
            <Posicion x="502" y="425"/>
        </Representacion>
        <Representacion id="bea2aae9-33a5-402e-bd57-2a4a674315bd">
            <Dimension alto="50" ancho="80"/>
            <Posicion x="462" y="245"/>
        </Representacion>
        <Representacion id="381e7814-cf27-4039-8774-ff71d38b63fb">
            <Label x="419" y="217"/>
            <Dimension alto="10" ancho="10"/>
            <Posicion x="425" y="235"/>
        </Representacion>
        <Representacion id="5d97740c-6b99-43d9-bfd0-9e6dfb90937a">
            <Dimension alto="50" ancho="80"/>
            <Posicion x="720" y="240"/>
        </Representacion>
        <Representacion id="84179f87-6d14-48ed-9d22-b4543885ccfc">
            <Label x="773" y="185"/>
            <Dimension alto="10" ancho="10"/>
            <Posicion x="787" y="205"/>
        </Representacion>
        <Representacion id="e9aafc7e-58ba-4b0e-b3f9-d1147d68a26b">
            <Dimension alto="50" ancho="80"/>
            <Posicion x="463" y="352"/>
        </Representacion>
        <Representacion id="8b237624-3dd3-4718-b10e-a08118d37292">
            <Dimension alto="50" ancho="80"/>
            <Posicion x="287" y="635"/>
        </Representacion>
        <Representacion id="19515ec6-6294-4bbe-9b9d-51100ce795e9">
            <Label x="359" y="594"/>
            <Dimension alto="10" ancho="10"/>
            <Posicion x="365" y="612"/>
        </Representacion>
        <Representacion id="2bf4d73e-2400-4396-a170-6a1e89213b0d">
            <Label x="239" y="584"/>
            <Dimension alto="10" ancho="10"/>
            <Posicion x="244" y="602"/>
        </Representacion>
        <Representacion id="21a8c7fe-6e55-49bc-ac20-82ecc0891df3">
            <Label x="385" y="616"/>
            <Dimension alto="10" ancho="10"/>
            <Posicion x="391" y="634"/>
        </Representacion>
    </Diagrama>
</Proyecto>
