<?xml version="1.0" encoding="UTF-8" standalone="no"?>
<Proyecto>
    <DiagramaLogico id="e1460129-7634-409c-844a-d7eca8cb90ce">
        <Nombre>Taller - Logico</Nombre>
        <Der>2b03bbfd-8f87-4510-9c9b-10c78ea9f703</Der>
        <Tablas>
            <Tabla idref="3e14dcde-a71a-4296-bf51-85060e0640d3"/>
            <Tabla idref="cd835ca9-944b-4800-ade3-56bb67b1b692"/>
            <Tabla idref="fc6f7bbe-bbab-411d-865b-4266140734f3"/>
            <Tabla idref="67856c2b-8684-4511-8545-e286c07a70af"/>
            <Tabla idref="001b0fb9-b858-4656-bec5-2ae94e164868"/>
            <Tabla idref="796be953-6de8-4bb6-8fac-e903676b2167"/>
            <Tabla idref="f9c7f6ce-7efc-4439-b2e6-f26cf31be78e"/>
            <Tabla idref="647fca7e-fed4-411c-a729-de42cdb6fcc6"/>
            <Tabla idref="7f68b99a-8d92-407c-a653-caa815ea93b3"/>
            <Tabla idref="ab560789-2931-4762-adbf-01948f4b8dd1"/>
            <Tabla idref="ff38782f-1746-493d-817b-b74094d3f774"/>
            <Tabla idref="f43e6cab-2db5-4420-9786-38ebb863e1ef"/>
            <Tabla idref="ac5622c9-753a-486b-b270-7ed194b52594"/>
            <Tabla idref="ff5ec433-9d2d-4721-a51d-c9f9c0b6a7cd"/>
        </Tablas>
    </DiagramaLogico>
    <Tabla id="3e14dcde-a71a-4296-bf51-85060e0640d3">
        <Nombre>OT</Nombre>
        <ClavePrimaria>
            <Atributo>nroOT</Atributo>
        </ClavePrimaria>
        <Atributos>
            <Atributo>A/OT-Automotor-dominio</Atributo>
            <Atributo>ingreso-hora</Atributo>
            <Atributo>descProb</Atributo>
            <Atributo>nroOT</Atributo>
            <Atributo>estado</Atributo>
            <Atributo>finServO-fecha</Atributo>
            <Atributo>solicitud-hora</Atributo>
            <Atributo>turno-fecha</Atributo>
            <Atributo>solicitud-fecha</Atributo>
            <Atributo>turno-hora</Atributo>
            <Atributo>retAutO-hora</Atributo>
            <Atributo>finServO-hora</Atributo>
            <Atributo>ingreso-fecha</Atributo>
            <Atributo>retAutO-fecha</Atributo>
        </Atributos>
        <ClaveForanea>
            <TablaReferenciada>Automotor</TablaReferenciada>
            <Atributos>
                <Atributo>A/OT-Automotor-dominio</Atributo>
            </Atributos>
        </ClaveForanea>
    </Tabla>
    <Tabla id="cd835ca9-944b-4800-ade3-56bb67b1b692">
        <Nombre>teléfonos_de_Persona</Nombre>
        <ClavePrimaria>
            <Atributo>teléfonos</Atributo>
            <Atributo>Persona-nroC</Atributo>
        </ClavePrimaria>
        <Atributos>
            <Atributo>teléfonos</Atributo>
            <Atributo>Persona-nroC</Atributo>
        </Atributos>
        <ClaveForanea>
            <TablaReferenciada>Persona</TablaReferenciada>
            <Atributos>
                <Atributo>Persona-nroC</Atributo>
            </Atributos>
        </ClaveForanea>
    </Tabla>
    <Tabla id="fc6f7bbe-bbab-411d-865b-4266140734f3">
        <Nombre>teléfonos_de_Empresa</Nombre>
        <ClavePrimaria>
            <Atributo>teléfonos</Atributo>
            <Atributo>Empresa-nroC</Atributo>
        </ClavePrimaria>
        <Atributos>
            <Atributo>teléfonos</Atributo>
            <Atributo>Empresa-nroC</Atributo>
        </Atributos>
        <ClaveForanea>
            <TablaReferenciada>Empresa</TablaReferenciada>
            <Atributos>
                <Atributo>Empresa-nroC</Atributo>
            </Atributos>
        </ClaveForanea>
    </Tabla>
    <Tabla id="67856c2b-8684-4511-8545-e286c07a70af">
        <Nombre>Persona</Nombre>
        <ClavePrimaria>
            <Atributo>nroC</Atributo>
        </ClavePrimaria>
        <Atributos>
            <Atributo>apellido</Atributo>
            <Atributo>nroC</Atributo>
            <Atributo>domicilio-ubic</Atributo>
            <Atributo>CUIToL</Atributo>
            <Atributo>domicilio-loc</Atributo>
            <Atributo>nombre</Atributo>
            <Atributo>a1</Atributo>
            <Atributo>a2</Atributo>
            <Atributo>a3</Atributo>
            <Atributo>a4</Atributo>
            <Atributo>a5</Atributo>
            <Atributo>domicilio-calle</Atributo>
            <Atributo>Cliente-tipoContrib</Atributo>
        </Atributos>
    </Tabla>
    <Tabla id="001b0fb9-b858-4656-bec5-2ae94e164868">
        <Nombre>Empresa</Nombre>
        <ClavePrimaria>
            <Atributo>nroC</Atributo>
        </ClavePrimaria>
        <Atributos>
            <Atributo>CUIT</Atributo>
            <Atributo>nroC</Atributo>
            <Atributo>domicilio-ubic</Atributo>
            <Atributo>domicilio-loc</Atributo>
            <Atributo>Rsoc</Atributo>
            <Atributo>domicilio-calle</Atributo>
            <Atributo>Cliente-tipoContrib</Atributo>
        </Atributos>
    </Tabla>
    <Tabla id="796be953-6de8-4bb6-8fac-e903676b2167">
        <Nombre>C/A2</Nombre>
        <ClavePrimaria>
            <Atributo>Automotor-dominio</Atributo>
        </ClavePrimaria>
        <Atributos>
            <Atributo>Automotor-dominio</Atributo>
            <Atributo>Empresa-nroC</Atributo>
        </Atributos>
        <ClaveForanea>
            <TablaReferenciada>Automotor</TablaReferenciada>
            <Atributos>
                <Atributo>Automotor-dominio</Atributo>
            </Atributos>
        </ClaveForanea>
        <ClaveForanea>
            <TablaReferenciada>Empresa</TablaReferenciada>
            <Atributos>
                <Atributo>Empresa-nroC</Atributo>
            </Atributos>
        </ClaveForanea>
    </Tabla>
    <Tabla id="f9c7f6ce-7efc-4439-b2e6-f26cf31be78e">
        <Nombre>C/A1</Nombre>
        <ClavePrimaria>
            <Atributo>Automotor-dominio</Atributo>
        </ClavePrimaria>
        <Atributos>
            <Atributo>Automotor-dominio</Atributo>
            <Atributo>Persona-nroC</Atributo>
        </Atributos>
        <ClaveForanea>
            <TablaReferenciada>Automotor</TablaReferenciada>
            <Atributos>
                <Atributo>Automotor-dominio</Atributo>
            </Atributos>
        </ClaveForanea>
        <ClaveForanea>
            <TablaReferenciada>Persona</TablaReferenciada>
            <Atributos>
                <Atributo>Persona-nroC</Atributo>
            </Atributos>
        </ClaveForanea>
    </Tabla>
    <Tabla id="647fca7e-fed4-411c-a729-de42cdb6fcc6">
        <Nombre>Marca</Nombre>
        <ClavePrimaria>
            <Atributo>cod</Atributo>
        </ClavePrimaria>
        <Atributos>
            <Atributo>nombre</Atributo>
            <Atributo>cod</Atributo>
        </Atributos>
    </Tabla>
    <Tabla id="7f68b99a-8d92-407c-a653-caa815ea93b3">
        <Nombre>SMO</Nombre>
        <ClavePrimaria>
            <Atributo>codServ</Atributo>
        </ClavePrimaria>
        <Atributos>
            <Atributo>precio</Atributo>
            <Atributo>codServ</Atributo>
            <Atributo>descrip</Atributo>
        </Atributos>
    </Tabla>
    <Tabla id="ab560789-2931-4762-adbf-01948f4b8dd1">
        <Nombre>Automotor</Nombre>
        <ClavePrimaria>
            <Atributo>dominio</Atributo>
        </ClavePrimaria>
        <Atributos>
            <Atributo>tipo</Atributo>
            <Atributo>ModA-Modelo-cod</Atributo>
            <Atributo>añoFab</Atributo>
            <Atributo>dominio</Atributo>
        </Atributos>
        <ClaveForanea>
            <TablaReferenciada>Modelo</TablaReferenciada>
            <Atributos>
                <Atributo>ModA-Modelo-cod</Atributo>
            </Atributos>
        </ClaveForanea>
    </Tabla>
    <Tabla id="ff38782f-1746-493d-817b-b74094d3f774">
        <Nombre>Modelo</Nombre>
        <ClavePrimaria>
            <Atributo>cod</Atributo>
        </ClavePrimaria>
        <Atributos>
            <Atributo>nombre</Atributo>
            <Atributo>cod</Atributo>
            <Atributo>M/M-Marca-cod</Atributo>
        </Atributos>
        <ClaveForanea>
            <TablaReferenciada>Marca</TablaReferenciada>
            <Atributos>
                <Atributo>M/M-Marca-cod</Atributo>
            </Atributos>
        </ClaveForanea>
    </Tabla>
    <Tabla id="f43e6cab-2db5-4420-9786-38ebb863e1ef">
        <Nombre>Repuesto</Nombre>
        <ClavePrimaria>
            <Atributo>codRep</Atributo>
        </ClavePrimaria>
        <Atributos>
            <Atributo>codRep</Atributo>
            <Atributo>precio</Atributo>
            <Atributo>descR</Atributo>
        </Atributos>
    </Tabla>
    <Tabla id="ac5622c9-753a-486b-b270-7ed194b52594">
        <Nombre>R/OT</Nombre>
        <ClavePrimaria>
            <Atributo>OT-nroOT</Atributo>
            <Atributo>Repuesto-codRep</Atributo>
        </ClavePrimaria>
        <Atributos>
            <Atributo>OT-nroOT</Atributo>
            <Atributo>Repuesto-codRep</Atributo>
            <Atributo>proveedor-nroFac</Atributo>
            <Atributo>proveedor-cuit</Atributo>
            <Atributo>monto</Atributo>
        </Atributos>
        <ClaveForanea>
            <TablaReferenciada>OT</TablaReferenciada>
            <Atributos>
                <Atributo>OT-nroOT</Atributo>
            </Atributos>
        </ClaveForanea>
        <ClaveForanea>
            <TablaReferenciada>Repuesto</TablaReferenciada>
            <Atributos>
                <Atributo>Repuesto-codRep</Atributo>
            </Atributos>
        </ClaveForanea>
    </Tabla>
    <Tabla id="ff5ec433-9d2d-4721-a51d-c9f9c0b6a7cd">
        <Nombre>SMO/OT</Nombre>
        <ClavePrimaria>
            <Atributo>OT-nroOT</Atributo>
            <Atributo>SMO-codServ</Atributo>
        </ClavePrimaria>
        <Atributos>
            <Atributo>OT-nroOT</Atributo>
            <Atributo>SMO-codServ</Atributo>
            <Atributo>monto</Atributo>
        </Atributos>
        <ClaveForanea>
            <TablaReferenciada>SMO</TablaReferenciada>
            <Atributos>
                <Atributo>SMO-codServ</Atributo>
            </Atributos>
        </ClaveForanea>
        <ClaveForanea>
            <TablaReferenciada>OT</TablaReferenciada>
            <Atributos>
                <Atributo>OT-nroOT</Atributo>
            </Atributos>
        </ClaveForanea>
    </Tabla>
</Proyecto>
